Project Name|@Conditional|@Profil
spring-petclinic|"0
"|"0
"
spring-data-build|"0
"|"0
"
spring-test-htmlunit|"0
"|"0
"
spring-loaded|"0
"|"0
"
spring-net-retry|"0
"|"0
"
spring-boot|"1655
"|"1655
"
spring-hadoop-samples-old|"0
"|"0
"
scripted|"0
"|"0
"
rest-shell|"0
"|"0
"
spring-data-solr-examples|"0
"|"0
"
spring-data-solr|"0
"|"0
"
spring-data-gemfire-sts-templates|"0
"|"0
"
impala|"0
"|"0
"
eclipse-integration-gradle|"0
"|"0
"
JavaGuide|"0
"|"0
"
spring-framework|"34
"|"34
"
mall|"1
"|"1
"
spring-boot-examples|"0
"|"0
"
tutorials|"65
"|"65
"
zheng|"0
"|"0
"
SpringAll|"2
"|"2
"
springboot-learning-example|"0
"|"0
"
SpringCloudLearning|"0
"|"0
"
redisson|"7
"|"7
"
spring-cloud-alibaba|"187
"|"187
"
litemall|"0
"|"0
"
SpringBoot-Learning|"0
"|"0
"
toBeTopJavaer|"0
"|"0
"
spring-boot-demo|"9
"|"9
"
spring-boot-admin|"105
"|"105
"
piggymetrics|"0
"|"0
"
paascloud-master|"16
"|"16
"
